"","orig.ident","nCount_RNA","nFeature_RNA","sample","percent.mt"
"ctrl_AAACATACAATGCC-1","ctrl_raw_feature_bc_matrix",2344,874,"Control",1.96245733788396
"ctrl_AAACATACATTTCC-1","ctrl_raw_feature_bc_matrix",3125,896,"Control",1.792
"ctrl_AAACATACCAGAAA-1","ctrl_raw_feature_bc_matrix",2578,725,"Control",1.55159038013964
"ctrl_AAACATACCAGCTA-1","ctrl_raw_feature_bc_matrix",3261,979,"Control",1.37994480220791
"ctrl_AAACATACCATGCA-1","ctrl_raw_feature_bc_matrix",746,362,"Control",2.14477211796247
"ctrl_AAACATACCTCGCT-1","ctrl_raw_feature_bc_matrix",3519,866,"Control",1.39244103438477
"ctrl_AAACATACCTGGTA-1","ctrl_raw_feature_bc_matrix",3328,1137,"Control",1.92307692307692
"ctrl_AAACATACCTGTAG-1","ctrl_raw_feature_bc_matrix",484,281,"Control",2.47933884297521
"ctrl_AAACATACGATGAA-1","ctrl_raw_feature_bc_matrix",1991,650,"Control",1.95881466599699
"ctrl_AAACATACGCCAAT-1","ctrl_raw_feature_bc_matrix",1186,447,"Control",1.5177065767285
"ctrl_AAACATACGCTTCC-1","ctrl_raw_feature_bc_matrix",889,452,"Control",3.1496062992126
"ctrl_AAACATACGGCATT-1","ctrl_raw_feature_bc_matrix",1606,561,"Control",0.684931506849315
"ctrl_AAACATACGTGTAC-1","ctrl_raw_feature_bc_matrix",762,493,"Control",3.41207349081365
"ctrl_AAACATACGTTGTG-1","ctrl_raw_feature_bc_matrix",835,402,"Control",2.63473053892216
"ctrl_AAACATACTGCGTA-1","ctrl_raw_feature_bc_matrix",2863,998,"Control",1.57177785539644
"ctrl_AAACATACTGCTGA-1","ctrl_raw_feature_bc_matrix",1439,596,"Control",2.84920083391244
"ctrl_AAACATACTGGTCA-1","ctrl_raw_feature_bc_matrix",811,309,"Control",1.60295930949445
"ctrl_AAACATTGAGATGA-1","ctrl_raw_feature_bc_matrix",311,162,"Control",1.28617363344051
"ctrl_AAACATTGAGTGTC-1","ctrl_raw_feature_bc_matrix",2352,903,"Control",2.72108843537415
"ctrl_AAACATTGCTCGAA-1","ctrl_raw_feature_bc_matrix",1003,440,"Control",4.38683948155533
